{
  "accuracy": 0.6358381502890174,
  "f1": 0.7773851590106007,
  "precision": 0.6358381502890174,
  "recall": 1.0,
  "mean_annotator_f1": 0.7774895233729867,
  "std_annotator_f1": 0.20154250452895434,
  "min_annotator_f1": 0.0,
  "max_annotator_f1": 1.0,
  "per_annotator_metrics": {
    "0": {
      "f1": 0.8292682926829268,
      "accuracy": 0.7083333333333334,
      "num_samples": 24
    },
    "1": {
      "f1": 0.8034188034188035,
      "accuracy": 0.6714285714285714,
      "num_samples": 70
    },
    "2": {
      "f1": 0.6578947368421052,
      "accuracy": 0.49019607843137253,
      "num_samples": 51
    },
    "3": {
      "f1": 0.76,
      "accuracy": 0.6129032258064516,
      "num_samples": 31
    },
    "4": {
      "f1": 0.8750000000000001,
      "accuracy": 0.7777777777777778,
      "num_samples": 9
    },
    "5": {
      "f1": 0.9090909090909091,
      "accuracy": 0.8333333333333334,
      "num_samples": 12
    },
    "6": {
      "f1": 0.9147609147609148,
      "accuracy": 0.842911877394636,
      "num_samples": 261
    },
    "7": {
      "f1": 0.7499999999999999,
      "accuracy": 0.6,
      "num_samples": 5
    },
    "8": {
      "f1": 0.6979038224414303,
      "accuracy": 0.5359848484848485,
      "num_samples": 528
    },
    "9": {
      "f1": 0.89,
      "accuracy": 0.8018018018018018,
      "num_samples": 111
    },
    "10": {
      "f1": 0.6329386437029064,
      "accuracy": 0.462992125984252,
      "num_samples": 635
    },
    "11": {
      "f1": 0.8,
      "accuracy": 0.6666666666666666,
      "num_samples": 9
    },
    "12": {
      "f1": 0.9108079748163693,
      "accuracy": 0.8362235067437379,
      "num_samples": 519
    },
    "13": {
      "f1": 0.7853107344632768,
      "accuracy": 0.6465116279069767,
      "num_samples": 215
    },
    "14": {
      "f1": 0.5789473684210525,
      "accuracy": 0.4074074074074074,
      "num_samples": 27
    },
    "15": {
      "f1": 0.7655502392344498,
      "accuracy": 0.6201550387596899,
      "num_samples": 129
    },
    "16": {
      "f1": 0.8571428571428571,
      "accuracy": 0.75,
      "num_samples": 4
    },
    "17": {
      "f1": 0.761904761904762,
      "accuracy": 0.6153846153846154,
      "num_samples": 13
    },
    "18": {
      "f1": 0.0,
      "accuracy": 0.0,
      "num_samples": 1
    },
    "19": {
      "f1": 0.9411764705882353,
      "accuracy": 0.8888888888888888,
      "num_samples": 9
    },
    "20": {
      "f1": 0.7407407407407407,
      "accuracy": 0.5882352941176471,
      "num_samples": 612
    },
    "21": {
      "f1": 0.8,
      "accuracy": 0.6666666666666666,
      "num_samples": 18
    },
    "22": {
      "f1": 0.7142857142857143,
      "accuracy": 0.5555555555555556,
      "num_samples": 9
    },
    "23": {
      "f1": 1.0,
      "accuracy": 1.0,
      "num_samples": 1
    },
    "24": {
      "f1": 0.7131782945736435,
      "accuracy": 0.5542168674698795,
      "num_samples": 166
    },
    "25": {
      "f1": 1.0,
      "accuracy": 1.0,
      "num_samples": 4
    },
    "26": {
      "f1": 0.9180327868852458,
      "accuracy": 0.8484848484848485,
      "num_samples": 33
    },
    "27": {
      "f1": 0.9600000000000001,
      "accuracy": 0.9230769230769231,
      "num_samples": 52
    },
    "28": {
      "f1": 1.0,
      "accuracy": 1.0,
      "num_samples": 1
    },
    "29": {
      "f1": 0.2857142857142857,
      "accuracy": 0.16666666666666666,
      "num_samples": 18
    },
    "30": {
      "f1": 0.9411764705882353,
      "accuracy": 0.8888888888888888,
      "num_samples": 9
    },
    "31": {
      "f1": 0.8627450980392156,
      "accuracy": 0.7586206896551724,
      "num_samples": 29
    },
    "32": {
      "f1": 0.8,
      "accuracy": 0.6666666666666666,
      "num_samples": 6
    },
    "33": {
      "f1": 0.6153846153846153,
      "accuracy": 0.4444444444444444,
      "num_samples": 9
    },
    "34": {
      "f1": 0.7941176470588235,
      "accuracy": 0.6585365853658537,
      "num_samples": 41
    },
    "35": {
      "f1": 0.8,
      "accuracy": 0.6666666666666666,
      "num_samples": 27
    },
    "36": {
      "f1": 0.8750000000000001,
      "accuracy": 0.7777777777777778,
      "num_samples": 9
    },
    "37": {
      "f1": 0.9696969696969697,
      "accuracy": 0.9411764705882353,
      "num_samples": 17
    },
    "38": {
      "f1": 0.6780870806566738,
      "accuracy": 0.5129589632829373,
      "num_samples": 926
    },
    "39": {
      "f1": 0.8750000000000001,
      "accuracy": 0.7777777777777778,
      "num_samples": 9
    },
    "40": {
      "f1": 0.8571428571428571,
      "accuracy": 0.75,
      "num_samples": 4
    },
    "41": {
      "f1": 1.0,
      "accuracy": 1.0,
      "num_samples": 4
    },
    "42": {
      "f1": 0.8571428571428571,
      "accuracy": 0.75,
      "num_samples": 276
    },
    "43": {
      "f1": 0.7000000000000001,
      "accuracy": 0.5384615384615384,
      "num_samples": 767
    },
    "44": {
      "f1": 1.0,
      "accuracy": 1.0,
      "num_samples": 4
    },
    "45": {
      "f1": 0.8750000000000001,
      "accuracy": 0.7777777777777778,
      "num_samples": 27
    },
    "46": {
      "f1": 0.827906976744186,
      "accuracy": 0.7063492063492064,
      "num_samples": 126
    },
    "47": {
      "f1": 1.0,
      "accuracy": 1.0,
      "num_samples": 4
    },
    "48": {
      "f1": 0.9344978165938864,
      "accuracy": 0.8770491803278688,
      "num_samples": 122
    },
    "49": {
      "f1": 0.5,
      "accuracy": 0.3333333333333333,
      "num_samples": 9
    },
    "50": {
      "f1": 0.7542857142857143,
      "accuracy": 0.6055045871559633,
      "num_samples": 109
    },
    "51": {
      "f1": 0.8,
      "accuracy": 0.6666666666666666,
      "num_samples": 36
    },
    "52": {
      "f1": 0.8645054031587698,
      "accuracy": 0.7613469985358712,
      "num_samples": 683
    },
    "53": {
      "f1": 0.9007633587786259,
      "accuracy": 0.8194444444444444,
      "num_samples": 144
    },
    "54": {
      "f1": 0.8,
      "accuracy": 0.6666666666666666,
      "num_samples": 18
    },
    "55": {
      "f1": 0.7636363636363637,
      "accuracy": 0.6176470588235294,
      "num_samples": 34
    },
    "56": {
      "f1": 0.8602150537634409,
      "accuracy": 0.7547169811320755,
      "num_samples": 53
    },
    "57": {
      "f1": 0.6153846153846153,
      "accuracy": 0.4444444444444444,
      "num_samples": 9
    },
    "58": {
      "f1": 0.7861507128309573,
      "accuracy": 0.6476510067114094,
      "num_samples": 298
    },
    "59": {
      "f1": 0.2222222222222222,
      "accuracy": 0.125,
      "num_samples": 72
    },
    "60": {
      "f1": 0.8493150684931507,
      "accuracy": 0.7380952380952381,
      "num_samples": 84
    },
    "61": {
      "f1": 0.6666666666666666,
      "accuracy": 0.5,
      "num_samples": 2
    },
    "62": {
      "f1": 0.955223880597015,
      "accuracy": 0.9142857142857143,
      "num_samples": 70
    },
    "63": {
      "f1": 0.7142857142857143,
      "accuracy": 0.5555555555555556,
      "num_samples": 9
    },
    "64": {
      "f1": 0.7819548872180451,
      "accuracy": 0.6419753086419753,
      "num_samples": 81
    },
    "65": {
      "f1": 0.9411764705882353,
      "accuracy": 0.8888888888888888,
      "num_samples": 27
    },
    "66": {
      "f1": 0.8163265306122449,
      "accuracy": 0.6896551724137931,
      "num_samples": 58
    },
    "67": {
      "f1": 0.9655172413793104,
      "accuracy": 0.9333333333333333,
      "num_samples": 15
    },
    "68": {
      "f1": 0.4271844660194175,
      "accuracy": 0.2716049382716049,
      "num_samples": 81
    },
    "69": {
      "f1": 0.0,
      "accuracy": 0.0,
      "num_samples": 1
    },
    "70": {
      "f1": 0.9,
      "accuracy": 0.8181818181818182,
      "num_samples": 121
    },
    "71": {
      "f1": 0.7142857142857143,
      "accuracy": 0.5555555555555556,
      "num_samples": 27
    },
    "72": {
      "f1": 0.9099307159353349,