{
  "accuracy": 0.7449066616128115,
  "f1": 0.8071909468557514,
  "precision": 0.777027027027027,
  "recall": 0.8397913561847988,
  "mean_annotator_f1": 0.7781142136563703,
  "std_annotator_f1": 0.20318750907670552,
  "min_annotator_f1": 0.0,
  "max_annotator_f1": 1.0,
  "per_annotator_metrics": {
    "0": {
      "f1": 0.8749999999999999,
      "accuracy": 0.8333333333333334,
      "num_samples": 24
    },
    "1": {
      "f1": 0.9,
      "accuracy": 0.8571428571428571,
      "num_samples": 70
    },
    "2": {
      "f1": 0.7457627118644068,
      "accuracy": 0.7058823529411765,
      "num_samples": 51
    },
    "3": {
      "f1": 0.8205128205128205,
      "accuracy": 0.7741935483870968,
      "num_samples": 31
    },
    "4": {
      "f1": 0.6,
      "accuracy": 0.5555555555555556,
      "num_samples": 9
    },
    "5": {
      "f1": 0.9,
      "accuracy": 0.8333333333333334,
      "num_samples": 12
    },
    "6": {
      "f1": 0.9,
      "accuracy": 0.8390804597701149,
      "num_samples": 261
    },
    "7": {
      "f1": 0.8571428571428571,
      "accuracy": 0.8,
      "num_samples": 5
    },
    "8": {
      "f1": 0.772027972027972,
      "accuracy": 0.6912878787878788,
      "num_samples": 528
    },
    "9": {
      "f1": 0.781456953642384,
      "accuracy": 0.7027027027027027,
      "num_samples": 111
    },
    "10": {
      "f1": 0.7310704960835508,
      "accuracy": 0.6755905511811023,
      "num_samples": 635
    },
    "11": {
      "f1": 0.8,
      "accuracy": 0.7777777777777778,
      "num_samples": 9
    },
    "12": {
      "f1": 0.8748419721871048,
      "accuracy": 0.8092485549132948,
      "num_samples": 519
    },
    "13": {
      "f1": 0.8088235294117648,
      "accuracy": 0.7581395348837209,
      "num_samples": 215
    },
    "14": {
      "f1": 0.5833333333333334,
      "accuracy": 0.6296296296296297,
      "num_samples": 27
    },
    "15": {
      "f1": 0.8044692737430167,
      "accuracy": 0.7286821705426356,
      "num_samples": 129
    },
    "16": {
      "f1": 1.0,
      "accuracy": 1.0,
      "num_samples": 4
    },
    "17": {
      "f1": 0.7368421052631579,
      "accuracy": 0.6153846153846154,
      "num_samples": 13
    },
    "18": {
      "f1": 0.0,
      "accuracy": 0.0,
      "num_samples": 1
    },
    "19": {
      "f1": 0.7692307692307693,
      "accuracy": 0.6666666666666666,
      "num_samples": 9
    },
    "20": {
      "f1": 0.795483061480552,
      "accuracy": 0.7336601307189542,
      "num_samples": 612
    },
    "21": {
      "f1": 0.6956521739130435,
      "accuracy": 0.6111111111111112,
      "num_samples": 18
    },
    "22": {
      "f1": 1.0,
      "accuracy": 1.0,
      "num_samples": 9
    },
    "23": {
      "f1": 1.0,
      "accuracy": 1.0,
      "num_samples": 1
    },
    "24": {
      "f1": 0.8666666666666667,
      "accuracy": 0.8313253012048193,
      "num_samples": 166
    },
    "25": {
      "f1": 0.8571428571428571,
      "accuracy": 0.75,
      "num_samples": 4
    },
    "26": {
      "f1": 0.7916666666666667,
      "accuracy": 0.696969696969697,
      "num_samples": 33
    },
    "27": {
      "f1": 0.8837209302325582,
      "accuracy": 0.8076923076923077,
      "num_samples": 52
    },
    "28": {
      "f1": 0.0,
      "accuracy": 0.0,
      "num_samples": 1
    },
    "29": {
      "f1": 0.4,
      "accuracy": 0.6666666666666666,
      "num_samples": 18
    },
    "30": {
      "f1": 0.8571428571428571,
      "accuracy": 0.7777777777777778,
      "num_samples": 9
    },
    "31": {
      "f1": 0.9,
      "accuracy": 0.8620689655172413,
      "num_samples": 29
    },
    "32": {
      "f1": 0.888888888888889,
      "accuracy": 0.8333333333333334,
      "num_samples": 6
    },
    "33": {
      "f1": 0.6,
      "accuracy": 0.5555555555555556,
      "num_samples": 9
    },
    "34": {
      "f1": 0.7692307692307692,
      "accuracy": 0.7073170731707317,
      "num_samples": 41
    },
    "35": {
      "f1": 0.7096774193548387,
      "accuracy": 0.6666666666666666,
      "num_samples": 27
    },
    "36": {
      "f1": 0.8571428571428571,
      "accuracy": 0.7777777777777778,
      "num_samples": 9
    },
    "37": {
      "f1": 0.7692307692307693,
      "accuracy": 0.6470588235294118,
      "num_samples": 17
    },
    "38": {
      "f1": 0.8062442607897153,
      "accuracy": 0.7721382289416847,
      "num_samples": 926
    },
    "39": {
      "f1": 0.8571428571428571,
      "accuracy": 0.7777777777777778,
      "num_samples": 9
    },
    "40": {
      "f1": 1.0,
      "accuracy": 1.0,
      "num_samples": 4
    },
    "41": {
      "f1": 1.0,
      "accuracy": 1.0,
      "num_samples": 4
    },
    "42": {
      "f1": 0.844559585492228,
      "accuracy": 0.782608695652174,
      "num_samples": 276
    },
    "43": {
      "f1": 0.7923387096774193,
      "accuracy": 0.7314211212516297,
      "num_samples": 767
    },
    "44": {
      "f1": 1.0,
      "accuracy": 1.0,
      "num_samples": 4
    },
    "45": {
      "f1": 0.8500000000000001,
      "accuracy": 0.7777777777777778,
      "num_samples": 27
    },
    "46": {
      "f1": 0.8227848101265822,
      "accuracy": 0.7777777777777778,
      "num_samples": 126
    },
    "47": {
      "f1": 1.0,
      "accuracy": 1.0,
      "num_samples": 4
    },
    "48": {
      "f1": 0.8855721393034826,
      "accuracy": 0.8114754098360656,
      "num_samples": 122
    },
    "49": {
      "f1": 0.5,
      "accuracy": 0.5555555555555556,
      "num_samples": 9
    },
    "50": {
      "f1": 0.785185185185185,
      "accuracy": 0.7339449541284404,
      "num_samples": 109
    },
    "51": {
      "f1": 0.7142857142857143,
      "accuracy": 0.6666666666666666,
      "num_samples": 36
    },
    "52": {
      "f1": 0.8706563706563707,
      "accuracy": 0.8038067349926794,
      "num_samples": 683
    },
    "53": {
      "f1": 0.6847826086956522,
      "accuracy": 0.5972222222222222,
      "num_samples": 144
    },
    "54": {
      "f1": 0.7272727272727272,
      "accuracy": 0.6666666666666666,
      "num_samples": 18
    },
    "55": {
      "f1": 0.8085106382978723,
      "accuracy": 0.7352941176470589,
      "num_samples": 34
    },
    "56": {
      "f1": 0.8611111111111113,
      "accuracy": 0.8113207547169812,
      "num_samples": 53
    },
    "57": {
      "f1": 0.8571428571428571,
      "accuracy": 0.8888888888888888,
      "num_samples": 9
    },
    "58": {
      "f1": 0.8176795580110496,
      "accuracy": 0.7785234899328859,
      "num_samples": 298
    },
    "59": {
      "f1": 0.339622641509434,
      "accuracy": 0.5138888888888888,
      "num_samples": 72
    },
    "60": {
      "f1": 0.8548387096774194,
      "accuracy": 0.7857142857142857,
      "num_samples": 84
    },
    "61": {
      "f1": 1.0,
      "accuracy": 1.0,
      "num_samples": 2
    },
    "62": {
      "f1": 0.8148148148148148,
      "accuracy": 0.7142857142857143,
      "num_samples": 70
    },
    "63": {
      "f1": 0.8000000000000002,
      "accuracy": 0.7777777777777778,
      "num_samples": 9
    },
    "64": {
      "f1": 0.6947368421052632,
      "accuracy": 0.6419753086419753,
      "num_samples": 81
    },
    "65": {
      "f1": 0.9583333333333334,
      "accuracy": 0.9259259259259259,
      "num_samples": 27
    },
    "66": {
      "f1": 0.6857142857142857,
      "accuracy": 0.6206896551724138,
      "num_samples": 58
    },
    "67": {
      "f1": 1.0,
      "accuracy": 1.0,
      "num_samples": 15
    },
    "68": {
      "f1": 0.5070422535211268,
      "accuracy": 0.5679012345679012,
      "num_samples": 81
    },
    "69": {
      "f1": 0.0,
      "accuracy": 1.0,
      "num_samples": 1
    },
    "70": {
      "f1": 0.8070175438596493,
      "accuracy": 0.7272727272727273,
      "num_samples": 121
    },
    "71": {
      "f1": 0.8235294117647058,
      "accuracy": 0.7777777777777778,
      "num_samples": 27
    },
    "72": {
      "f1": 0.7425149700598803,
      "accuracy": 0.635593220338983,
      "num_samples": 236
    },