{
  "0": {
    "f1": 0.8387096774193549,
    "accuracy": 0.7916666666666666,
    "num_samples": 24
  },
  "1": {
    "f1": 0.4,
    "accuracy": 0.2714285714285714,
    "num_samples": 70
  },
  "2": {
    "f1": 0.358974358974359,
    "accuracy": 0.5098039215686274,
    "num_samples": 51
  },
  "3": {
    "f1": 0.0,
    "accuracy": 0.3548387096774194,
    "num_samples": 31
  },
  "4": {
    "f1": 0.7272727272727273,
    "accuracy": 0.6666666666666666,
    "num_samples": 9
  },
  "5": {
    "f1": 0.0,
    "accuracy": 0.16666666666666666,
    "num_samples": 12
  },
  "6": {
    "f1": 0.9363636363636364,
    "accuracy": 0.89272030651341,
    "num_samples": 261
  },
  "7": {
    "f1": 0.6666666666666666,
    "accuracy": 0.6,
    "num_samples": 5
  },
  "8": {
    "f1": 0.7745504840940525,
    "accuracy": 0.6912878787878788,
    "num_samples": 528
  },
  "9": {
    "f1": 0.9017341040462428,
    "accuracy": 0.8468468468468469,
    "num_samples": 111
  },
  "10": {
    "f1": 0.14842300556586271,
    "accuracy": 0.27716535433070866,
    "num_samples": 635
  },
  "11": {
    "f1": 0.6153846153846153,
    "accuracy": 0.4444444444444444,
    "num_samples": 9
  },
  "12": {
    "f1": 0.9336283185840708,
    "accuracy": 0.884393063583815,
    "num_samples": 519
  },
  "13": {
    "f1": 0.845679012345679,
    "accuracy": 0.7674418604651163,
    "num_samples": 215
  },
  "14": {
    "f1": 0.6896551724137931,
    "accuracy": 0.6666666666666666,
    "num_samples": 27
  },
  "15": {
    "f1": 0.7835051546391752,
    "accuracy": 0.6744186046511628,
    "num_samples": 129
  },
  "16": {
    "f1": 1.0,
    "accuracy": 1.0,
    "num_samples": 4
  },
  "17": {
    "f1": 0.8,
    "accuracy": 0.6923076923076923,
    "num_samples": 13
  },
  "18": {
    "f1": 0.0,
    "accuracy": 1.0,
    "num_samples": 1
  },
  "19": {
    "f1": 0.2,
    "accuracy": 0.1111111111111111,
    "num_samples": 9
  },
  "20": {
    "f1": 0.7683923705722071,
    "accuracy": 0.7222222222222222,
    "num_samples": 612
  },
  "21": {
    "f1": 0.15384615384615385,
    "accuracy": 0.3888888888888889,
    "num_samples": 18
  },
  "22": {
    "f1": 0.0,
    "accuracy": 0.2222222222222222,
    "num_samples": 9
  },
  "23": {
    "f1": 1.0,
    "accuracy": 1.0,
    "num_samples": 1
  },
  "24": {
    "f1": 0.8070175438596492,
    "accuracy": 0.7349397590361446,
    "num_samples": 166
  },
  "25": {
    "f1": 0.8571428571428571,
    "accuracy": 0.75,
    "num_samples": 4
  },
  "26": {
    "f1": 0.9090909090909091,
    "accuracy": 0.8484848484848485,
    "num_samples": 33
  },
  "27": {
    "f1": 0.9896907216494846,
    "accuracy": 0.9807692307692307,
    "num_samples": 52
  },
  "28": {
    "f1": 0.0,
    "accuracy": 0.0,
    "num_samples": 1
  },
  "29": {
    "f1": 0.21052631578947367,
    "accuracy": 0.16666666666666666,
    "num_samples": 18
  },
  "30": {
    "f1": 0.2222222222222222,
    "accuracy": 0.2222222222222222,
    "num_samples": 9
  },
  "31": {
    "f1": 0.9523809523809523,
    "accuracy": 0.9310344827586207,
    "num_samples": 29
  },
  "32": {
    "f1": 0.888888888888889,
    "accuracy": 0.8333333333333334,
    "num_samples": 6
  },
  "33": {
    "f1": 0.36363636363636365,
    "accuracy": 0.2222222222222222,
    "num_samples": 9
  },
  "34": {
    "f1": 0.8253968253968254,
    "accuracy": 0.7317073170731707,
    "num_samples": 41
  },
  "35": {
    "f1": 0.7647058823529411,
    "accuracy": 0.7037037037037037,
    "num_samples": 27
  },
  "36": {
    "f1": 0.9333333333333333,
    "accuracy": 0.8888888888888888,
    "num_samples": 9
  },
  "37": {
    "f1": 0.3157894736842105,
    "accuracy": 0.23529411764705882,
    "num_samples": 17
  },
  "38": {
    "f1": 0.7852650494159927,
    "accuracy": 0.7419006479481641,
    "num_samples": 926
  },
  "39": {
    "f1": 0.8571428571428571,
    "accuracy": 0.7777777777777778,
    "num_samples": 9
  },
  "40": {
    "f1": 1.0,
    "accuracy": 1.0,
    "num_samples": 4
  },
  "41": {
    "f1": 0.0,
    "accuracy": 0.0,
    "num_samples": 4
  },
  "42": {
    "f1": 0.8859060402684564,
    "accuracy": 0.8152173913043478,
    "num_samples": 276
  },
  "43": {
    "f1": 0.7795918367346939,
    "accuracy": 0.7183833116036505,
    "num_samples": 767
  },
  "44": {
    "f1": 1.0,
    "accuracy": 1.0,
    "num_samples": 4
  },
  "45": {
    "f1": 0.8571428571428571,
    "accuracy": 0.7777777777777778,
    "num_samples": 27
  },
  "46": {
    "f1": 0.16666666666666666,
    "accuracy": 0.20634920634920634,
    "num_samples": 126
  },
  "47": {
    "f1": 1.0,
    "accuracy": 1.0,
    "num_samples": 4
  },
  "48": {
    "f1": 0.5442176870748299,
    "accuracy": 0.45081967213114754,
    "num_samples": 122
  },
  "49": {
    "f1": 0.5454545454545454,
    "accuracy": 0.4444444444444444,
    "num_samples": 9
  },
  "50": {
    "f1": 0.5,
    "accuracy": 0.5412844036697247,
    "num_samples": 109
  },
  "51": {
    "f1": 0.4,
    "accuracy": 0.5,
    "num_samples": 36
  },
  "52": {
    "f1": 0.6151832460732984,
    "accuracy": 0.5695461200585652,
    "num_samples": 683
  },
  "53": {
    "f1": 0.39999999999999997,
    "accuracy": 0.375,
    "num_samples": 144
  },
  "54": {
    "f1": 0.8461538461538461,
    "accuracy": 0.7777777777777778,
    "num_samples": 18
  },
  "55": {
    "f1": 0.8163265306122449,
    "accuracy": 0.7352941176470589,
    "num_samples": 34
  },
  "56": {
    "f1": 0.9500000000000001,
    "accuracy": 0.9245283018867925,
    "num_samples": 53
  },
  "57": {
    "f1": 0.4,
    "accuracy": 0.6666666666666666,
    "num_samples": 9
  },
  "58": {
    "f1": 0.136,
    "accuracy": 0.2751677852348993,
    "num_samples": 298
  },
  "59": {
    "f1": 0.0,
    "accuracy": 0.3055555555555556,
    "num_samples": 72
  },
  "60": {
    "f1": 0.6862745098039217,
    "accuracy": 0.6190476190476191,
    "num_samples": 84
  },
  "61": {
    "f1": 1.0,
    "accuracy": 1.0,
    "num_samples": 2
  },
  "62": {
    "f1": 0.030303030303030304,
    "accuracy": 0.08571428571428572,
    "num_samples": 70
  },
  "63": {
    "f1": 0.8333333333333333,
    "accuracy": 0.7777777777777778,
    "num_samples": 9
  },
  "64": {
    "f1": 0.28571428571428575,
    "accuracy": 0.38271604938271603,
    "num_samples": 81
  },
  "65": {
    "f1": 0.2857142857142857,
    "accuracy": 0.25925925925925924,
    "num_samples": 27
  },
  "66": {
    "f1": 0.840909090909091,
    "accuracy": 0.7586206896551724,
    "num_samples": 58
  },
  "67": {
    "f1": 1.0,
    "accuracy": 1.0,
    "num_samples": 15
  },
  "68": {
    "f1": 0.5070422535211268,
    "accuracy": 0.5679012345679012,
    "num_samples": 81
  },
  "69": {
    "f1": 0.0,
    "accuracy": 0.0,
    "num_samples": 1
  },
  "70": {
    "f1": 0.49253731343283585,
    "accuracy": 0.4380165289256198,
    "num_samples": 121
  },
  "71": {
    "f1": 0.8571428571428571,
    "accuracy": 0.8148148148148148,
    "num_samples": 27
  },
  "72": {
    "f1": 0.41696113074204944,
    "accuracy": 0.3008474576271186,
    "num_samples": 236
  },
  "73": {
    "f1": 0.873469387755102,
    "accuracy": 0.7973856209150327,
    "num_samples": 153
  },
  "74": {
    "f1": 0.11594202898550725,
    "accuracy": 0.5611510791366906,
    "num_samples": 139
  },
  "75": {
    "f1": 0.8524590163934426,
    "accuracy": 0.75,
    "num_samples": 36
  },
  "76": {
    "f1": 0.7499999999999999,
    "accuracy": 0.7142857142857143,
    "num_samples": 7
  },
  "77": {
    "f1": 1.0,
    "accuracy": 1.0,
    "num_samples": 4
  },
  "78": {
    "f1": 0.7638888888888888,
    "accuracy": 0.6927710843373494,
    "num_samples": 332
  },
  "79": {
    "f1": 0.8085106382978724,
    "accuracy": 0.75,
    "num_samples": 36
  },
  "80": {
    "f1": 0.5384615384615384,
    "accuracy": 0.3684210526315789,
    "num_samples": 19
  },
  "81": {
    "f1": 1.0,
    "accuracy": 1.0,
    "num_samples": 4
  },
  "82": {
    "f1": 0.8181818181818181,
    "accuracy": 0.7037037037037037,
    "num_samples": 27
  },
  "83": {
    "f1": 0.8365650969529085,
    "accuracy": 0.7722007722007722,